Tool Name,Enterprise Usage Score,Accuracy Score (%),Category,Enterprise Features Score,Market Presence Score,Composite Score
Seek AI,95,90.5,Dedicated NL2SQL Platform,95,85,91.875
Galaxy,85,87.0,SQL IDE with AI,90,75,84.75
Vanna AI,75,85.0,Open Source Framework,80,70,77.75
AI2SQL,70,74.0,Multi-Database Platform,75,65,71.25
Timbr,80,88.0,Knowledge Graph Platform,92,60,81.0
Dataherald,65,85.0,API Service,70,55,69.25
Oracle Select AI,90,85.0,Database-Native AI,88,95,89.25
Google BigQuery + Gemini,88,82.0,Cloud Platform Integration,85,90,86.15
Microsoft Semantic Kernel,83,80.0,Development Framework,82,88,83.0
OpenAI GPT-4,85,77.1,General LLM,75,95,82.525
Anthropic Claude,82,75.0,General LLM,78,80,78.85
Meta Llama 3.1,60,62.9,General LLM,65,75,64.975
